fold,model,race_nll,uniform_nll,brier,top1,top3,ndcg@3,spearman,ece
1,clogit,1.9952928423058673,2.310869995455899,0.8212690854513052,0.29767103347889373,0.5388161086851042,0.5418595654357424,0.4928416208759132,0.006103836469549383
1,lgbm,1.9840965821101766,2.310869995455899,0.8172371144498733,0.29839883551673946,0.5327510917030568,0.5366540190974747,0.49757915366256994,0.004691031482016406
1,tabm,1.9793976686217687,2.310869995455899,0.8156806752039023,0.29839883551673946,0.5405143134400777,0.5429639567320894,0.4987940086000707,0.003956659765572174
1,bayes,2.3178759609427813,2.310869995455899,0.8958321643080092,0.11280931586608442,0.33406113537117904,0.2974833909625548,0.05713066402444772,0.008229876094379132
1,baseline_uniform,2.310869995455899,2.310869995455899,0.8941633764504945,0.1091703056768559,0.3309073265405143,0.2950760902195976,,1.1968468994596235e-17
1,baseline_market,1.6760318888608439,2.310869995455899,0.7247794354606336,0.4155749636098981,0.653566229985444,0.6696107922225829,0.7089362873732151,0.006191156191768566
2,clogit,1.9704869065032886,2.28624357777643,0.8114593651066198,0.31185031185031187,0.5444675444675445,0.5462197220199182,0.4879946100534336,0.005445198397495912
2,lgbm,1.9426826085304385,2.28624357777643,0.8041391242518648,0.3173943173943174,0.5435435435435436,0.5487890300418067,0.5009554631501675,0.0034642303012110305
2,tabm,1.9478334928825614,2.28624357777643,0.805045401399032,0.32155232155232155,0.5400785400785401,0.5480822218911835,0.49451792449530013,0.0029467678503191656
2,bayes,2.28365765489647,2.28624357777643,0.8911023283094235,0.13374913374913375,0.3548163548163548,0.3240590810972446,0.050395160463033765,0.007915133146077509
2,baseline_uniform,2.28624357777643,2.28624357777643,0.891284874938721,0.12127512127512127,0.3333333333333333,0.29988372633532606,,9.074008944470489e-18
2,baseline_market,1.630958090582673,2.28624357777643,0.7050898556144276,0.4455994455994456,0.6595056595056595,0.6804888483241064,0.7121836032809024,0.005016227120032909
3,clogit,1.9775689533279437,2.300019176672829,0.814162306259056,0.311804008908686,0.5456570155902004,0.5510654170390549,0.49953944079124224,0.0064079155783132195
3,lgbm,1.964168956018141,2.300019176672829,0.8124558199230738,0.303637713437268,0.5439247710962632,0.5476299194482668,0.5037719625752184,0.004517453773029565
3,tabm,1.9622453648301774,2.300019176672829,0.811114545758252,0.3021529324424647,0.5439247710962632,0.5501615021586108,0.5040650707721323,0.005494806691688098
3,bayes,2.298509181845707,2.300019176672829,0.8935599342260765,0.12100965107646622,0.340014847809948,0.31143821231262775,0.045842941503232336,0.005107733884064269
3,baseline_uniform,2.300019176672829,2.300019176672829,0.89288287704212,0.11655530809205643,0.33407572383073497,0.30376728729562236,,9.005332611564054e-18
3,baseline_market,1.6506649669063869,2.300019176672829,0.7169076443116473,0.4201930215293244,0.6458797327394209,0.6718690210454373,0.711502571011774,0.004618252505702803
4,clogit,2.0131797554938866,2.2880059221333546,0.8267581580397525,0.29898403483309144,0.5430575713594582,0.5467182619276768,0.4901828982935446,0.007229254139570607
4,lgbm,1.993264202615201,2.2880059221333546,0.8196451929233304,0.3018867924528302,0.5389453313981616,0.5461465588455491,0.4972718429582598,0.004736408893002775
4,tabm,1.992185912440902,2.2880059221333546,0.8191241881904853,0.2997097242380261,0.5423318819545235,0.5461756211808867,0.5006545071366211,0.0035948659400164783
4,bayes,2.293676118809537,2.2880059221333546,0.8922915707209761,0.12917271407837447,0.343492985002419,0.3128425475318432,0.05297953917223106,0.005404757427547776
4,baseline_uniform,2.2880059221333546,2.2880059221333546,0.8916710174602048,0.11756168359941944,0.3265602322206096,0.2953337548494771,,6.667346848550326e-18
4,baseline_market,1.6914956318537782,2.2880059221333546,0.7221932688893165,0.4230769230769231,0.6562651185292694,0.6698098754849945,0.6976970233265146,0.005052586533023545
5,clogit,1.9197930362706213,2.298805361170609,0.8021414187034986,0.326265389876881,0.5569995440036479,0.5637911096322781,0.5095586607405631,0.006064353746604109
5,lgbm,1.9159379369967577,2.298805361170609,0.8022731890429589,0.32558139534883723,0.5558595531235749,0.5648238471787738,0.5039688105542697,0.005355057150111314
5,tabm,1.9091189655168104,2.298805361170609,0.7993055897452003,0.3283173734610123,0.5611035111719106,0.5691758459748957,0.5112694124362266,0.004359072151278386
5,bayes,2.297435493525604,2.298805361170609,0.8922075807937023,0.12995896032831739,0.34199726402188785,0.3124208710401069,0.03946879144835208,0.005254187392039412
5,baseline_uniform,2.298805361170609,2.298805361170609,0.8927119961661686,0.10738714090287278,0.3308253533971728,0.2969731433396715,,5.221781264382304e-18
5,baseline_market,1.584846570204808,2.298805361170609,0.6946136542611493,0.4466484268125855,0.6527587779297765,0.679306052015571,0.6957771790504523,0.006419867342587941
